{
  "dataset_name": "ISOT Fake News Dataset",
  "accuracy": 0.99376253063043,
  "precision": 0.9932322053675613,
  "recall": 0.9936960074713985,
  "f1_score": 0.9934640522875817,
  "dataset_size": 44889,
  "train_samples": 35911,
  "test_samples": 8978,
  "training_time": 143.92829251289368
}