{
  "dataset_name": "Fake News Detection_1",
  "accuracy": 0.9940966807752283,
  "precision": 0.9936974789915967,
  "recall": 0.9939294886761616,
  "f1_score": 0.9938134702929847,
  "dataset_size": 44889,
  "train_samples": 35911,
  "test_samples": 8978,
  "training_time": 100.35259914398193
}