{
  "models": [
    {
      "dataset_name": "FakeBERT_Ensemble",
      "accuracy": 0.721502011622709,
      "precision": 0.7393327223165239,
      "recall": 0.721502011622709,
      "f1": 0.7168731222518251,
      "dataset_size": 14912,
      "train_samples": 12675,
      "epochs": 2
    }
  ],
  "weights": {
    "FakeBERT_Ensemble": 1.0
  },
  "best_model": "FakeBERT_Ensemble"
}