{
  "dataset_name": "fake-and-real-news-dataset",
  "accuracy": 0.9939852973936288,
  "precision": 0.9936960074713985,
  "recall": 0.9936960074713985,
  "f1_score": 0.9936960074713985,
  "dataset_size": 44889,
  "train_samples": 35911,
  "test_samples": 8978,
  "training_time": 125.1030604839325
}