{
  "accuracy": 0.7023371218184729,
  "precision": 0.7034196946588175,
  "recall": 0.7023371218184729,
  "f1": 0.7019435694131939
}