{
  "loss": [
    0.6820350549190575,
    0.6412316238059258,
    0.6073345012254243,
    0.585509744921124,
    0.569193299750441,
    0.5557344925239006,
    0.5449785699291096,
    0.5364783553753696,
    0.5278184065257754,
    0.5203068012970817,
    0.5139416201268407,
    0.508022715034641
  ],
  "accuracy": [
    0.5566932510076322,
    0.6313352199639825,
    0.6658434096561187,
    0.685138495840837,
    0.6970928736815024,
    0.7083269016379384,
    0.7173141240030873,
    0.7226824457593688,
    0.727947860389332,
    0.7327844953263013,
    0.737535374324672,
    0.7403138667352714
  ],
  "val_loss": [
    0.6602099436615989,
    0.6197511710719107,
    0.5985375513014497,
    0.5856113947733548,
    0.5787492870368518,
    0.5699040518010047,
    0.566763107874345,
    0.5658655346670741,
    0.5635873507323677,
    0.5632334171494847,
    0.5639294585991578,
    0.564478713540205
  ],
  "val_accuracy": [
    0.6156555146470306,
    0.6471906515127261,
    0.6845685929246038,
    0.680166479910357,
    0.6868096686409476,
    0.7010565071234193,
    0.7026572754922362,
    0.7005762766127741,
    0.7112213862654074,
    0.7113814631022891,
    0.7124219625420202,
    0.7092204258043862
  ]
}