{
  "dataset_name": "News Detection (Fake or Real) Dataset",
  "accuracy": 0.9949494949494949,
  "precision": 0.997946611909651,
  "recall": 0.9918367346938776,
  "f1_score": 0.9948822927328557,
  "dataset_size": 9900,
  "train_samples": 7920,
  "test_samples": 1980,
  "training_time": 44.89707899093628
}